chain, residue_label, residue_name, score, zscore, probability, pocket
A, 2141, SER,  0.7586,  -0.0723,   0.0212, 0
A, 2142, ARG,  0.4544,  -0.2278,   0.0072, 0
A, 2143, ARG,  0.7556,  -0.0739,   0.0210, 0
A, 2144, ILE,  0.0869,  -0.4156,   0.0009, 0
A, 2145, LEU,  0.3172,  -0.2979,   0.0037, 0
A, 2146, LEU,  0.0545,  -0.4321,   0.0007, 0
A, 2147, PRO,  0.6385,  -0.1337,   0.0143, 5
A, 2148, LYS,  0.1664,  -0.3750,   0.0015, 5
A, 2149, ASN,  0.1102,  -0.4037,   0.0010, 5
A, 2150, VAL,  0.9505,   0.0258,   0.0355, 5
A, 2151, ILE,  0.5406,  -0.1837,   0.0099, 0
A, 2152, VAL,  0.1163,  -0.4006,   0.0010, 0
A, 2153, GLU,  0.8613,  -0.0198,   0.0279, 1
A, 2154, CYS,  1.0476,   0.0754,   0.0454, 1
A, 2155, MET,  1.1922,   0.1493,   0.0622, 1
A, 2156, VAL,  0.7291,  -0.0874,   0.0194, 1
A, 2157, ALA,  0.3792,  -0.2662,   0.0050, 2
A, 2158, THR,  0.6613,  -0.1220,   0.0155, 9
A, 2164, ASN,  0.3374,  -0.2876,   0.0041, 0
A, 2165, ALA,  0.9248,   0.0126,   0.0330, 0
A, 2166, SER,  0.7406,  -0.0815,   0.0201, 0
A, 2167, ILE,  0.0000,  -0.4600,   0.0005, 0
A, 2168, TRP,  0.9136,   0.0069,   0.0320, 3
A, 2169, LEU,  0.0000,  -0.4600,   0.0005, 0
A, 2170, GLY,  0.0000,  -0.4600,   0.0005, 0
A, 2171, CYS,  0.8437,  -0.0289,   0.0266, 0
A, 2172, GLY,  0.3394,  -0.2865,   0.0041, 0
A, 2173, HIS,  1.0550,   0.0791,   0.0462, 5
A, 2174, THR,  0.1112,  -0.4031,   0.0010, 0
A, 2175, ASP,  0.0566,  -0.4311,   0.0007, 0
A, 2176, ARG,  0.0257,  -0.4468,   0.0006, 0
A, 2177, GLY,  0.0000,  -0.4600,   0.0005, 0
A, 2178, GLN,  0.9533,   0.0272,   0.0358, 5
A, 2179, LEU,  0.6177,  -0.1443,   0.0133, 3
A, 2180, SER,  0.7787,  -0.0621,   0.0224, 0
A, 2181, PHE,  0.7739,  -0.0645,   0.0222, 3
A, 2182, LEU,  0.0000,  -0.4600,   0.0005, 0
A, 2183, ASP,  0.2038,  -0.3559,   0.0019, 0
A, 2184, LEU,  0.8880,  -0.0062,   0.0300, 0
A, 2185, ASN,  0.1829,  -0.3665,   0.0016, 0
A, 2186, THR,  0.0902,  -0.4139,   0.0009, 0
A, 2187, GLU,  0.0851,  -0.4165,   0.0009, 0
A, 2188, GLY,  0.0819,  -0.4181,   0.0009, 0
A, 2189, TYR,  0.9885,   0.0452,   0.0391, 5
A, 2190, THR,  0.1784,  -0.3688,   0.0016, 3
A, 2191, SER,  0.9616,   0.0314,   0.0366, 5
A, 2192, GLU,  0.6692,  -0.1180,   0.0159, 3
A, 2193, GLU,  0.0321,  -0.4436,   0.0006, 0
A, 2194, VAL,  0.9477,   0.0243,   0.0352, 0
A, 2195, ALA,  0.5342,  -0.1870,   0.0096, 0
A, 2196, ASP,  0.6493,  -0.1282,   0.0149, 0
A, 2197, SER,  0.2707,  -0.3216,   0.0029, 0
A, 2198, ARG,  0.1197,  -0.3988,   0.0011, 0
A, 2199, ILE,  0.0000,  -0.4600,   0.0005, 0
A, 2200, LEU,  1.0708,   0.0872,   0.0479, 1
A, 2201, CYS,  1.0193,   0.0609,   0.0423, 1
A, 2202, LEU,  1.1027,   0.1035,   0.0514, 1
A, 2203, ALA,  0.4282,  -0.2412,   0.0064, 2
A, 2204, LEU,  0.7695,  -0.0667,   0.0219, 2
A, 2205, VAL,  0.4351,  -0.2376,   0.0066, 0
A, 2206, HIS,  0.5439,  -0.1821,   0.0100, 9
A, 2207, LEU,  0.3375,  -0.2875,   0.0041, 0
A, 2208, PRO,  0.2402,  -0.3373,   0.0024, 0
A, 2209, VAL,  0.2585,  -0.3279,   0.0027, 0
A, 2210, GLU,  0.1452,  -0.3858,   0.0013, 0
A, 2211, LYS,  0.0636,  -0.4275,   0.0008, 0
A, 2212, GLU,  0.2180,  -0.3486,   0.0021, 0
A, 2213, SER,  0.2437,  -0.3355,   0.0025, 9
A, 2214, TRP,  0.2601,  -0.3271,   0.0027, 0
A, 2215, ILE,  0.0000,  -0.4600,   0.0005, 0
A, 2216, VAL,  0.0000,  -0.4600,   0.0005, 0
A, 2217, SER,  0.0000,  -0.4600,   0.0005, 0
A, 2218, GLY,  0.0000,  -0.4600,   0.0005, 0
A, 2219, THR,  0.4192,  -0.2458,   0.0062, 0
A, 2220, GLN,  0.3063,  -0.3035,   0.0035, 6
A, 2221, SER,  0.3130,  -0.3000,   0.0036, 0
A, 2222, GLY,  0.0000,  -0.4600,   0.0005, 0
A, 2223, THR,  0.8593,  -0.0208,   0.0278, 0
A, 2224, LEU,  0.0000,  -0.4600,   0.0005, 0
A, 2225, LEU,  0.5448,  -0.1816,   0.0100, 0
A, 2226, VAL,  0.0000,  -0.4600,   0.0005, 0
A, 2227, ILE,  0.5702,  -0.1686,   0.0110, 3
A, 2228, ASN,  0.6272,  -0.1395,   0.0137, 0
A, 2229, THR,  0.4781,  -0.2156,   0.0079, 3
A, 2230, GLU,  0.2138,  -0.3507,   0.0020, 3
A, 2231, ASP,  0.1465,  -0.3851,   0.0013, 0
A, 2232, GLY,  0.5899,  -0.1585,   0.0119, 3
A, 2233, LYS,  0.1732,  -0.3715,   0.0016, 0
A, 2234, LYS,  0.2125,  -0.3514,   0.0020, 0
A, 2235, ARG,  0.7635,  -0.0698,   0.0216, 0
A, 2236, HIS,  0.4219,  -0.2444,   0.0062, 0
A, 2237, THR,  0.7071,  -0.0987,   0.0180, 0
A, 2238, LEU,  0.1442,  -0.3863,   0.0013, 0
A, 2239, GLU,  0.1515,  -0.3826,   0.0014, 0
A, 2240, LYS,  0.5846,  -0.1612,   0.0117, 0
A, 2241, MET,  0.6173,  -0.1445,   0.0133, 0
A, 2242, THR,  0.6516,  -0.1270,   0.0150, 0
A, 2243, ASP,  0.4321,  -0.2392,   0.0065, 0
A, 2244, SER,  0.2597,  -0.3273,   0.0027, 6
A, 2245, VAL,  0.0000,  -0.4600,   0.0005, 0
A, 2246, THR,  1.8399,   0.4802,   0.1745, 1
A, 2247, CYS,  1.6362,   0.3762,   0.1339, 1
A, 2248, LEU,  1.7153,   0.4166,   0.1486, 1
A, 2249, TYR,  1.4228,   0.2671,   0.0964, 1
A, 2250, CYS,  0.7582,  -0.0725,   0.0212, 2
A, 2251, ASN,  0.4206,  -0.2450,   0.0062, 0
A, 2252, SER,  0.2257,  -0.3446,   0.0022, 0
A, 2253, PHE,  0.3101,  -0.3015,   0.0036, 0
A, 2259, GLN,  0.0834,  -0.4174,   0.0009, 0
A, 2260, LYS,  0.3596,  -0.2762,   0.0046, 0
A, 2261, ASN,  0.4200,  -0.2453,   0.0062, 0
A, 2262, PHE,  0.5420,  -0.1830,   0.0099, 0
A, 2263, LEU,  0.1317,  -0.3927,   0.0012, 0
A, 2264, LEU,  0.0000,  -0.4600,   0.0005, 0
A, 2265, VAL,  0.0000,  -0.4600,   0.0005, 0
A, 2266, GLY,  0.0000,  -0.4600,   0.0005, 0
A, 2267, THR,  0.5495,  -0.1792,   0.0102, 0
A, 2268, ALA,  0.2602,  -0.3270,   0.0027, 6
A, 2269, ASP,  0.5475,  -0.1802,   0.0101, 0
A, 2270, GLY,  0.0000,  -0.4600,   0.0005, 0
A, 2271, LYS,  0.6489,  -0.1284,   0.0148, 0
A, 2272, LEU,  0.3838,  -0.2639,   0.0052, 0
A, 2273, ALA,  0.5655,  -0.1710,   0.0109, 0
A, 2274, ILE,  0.0000,  -0.4600,   0.0005, 0
A, 2275, PHE,  0.0496,  -0.4347,   0.0007, 0
A, 2276, GLU,  0.2758,  -0.3190,   0.0030, 0
A, 2277, ASP,  0.4060,  -0.2525,   0.0058, 0
A, 2278, LYS,  0.1702,  -0.3730,   0.0015, 0
A, 2279, THR,  0.1310,  -0.3930,   0.0012, 0
A, 2280, VAL,  0.0000,  -0.4600,   0.0005, 0
A, 2281, LYS,  0.2495,  -0.3325,   0.0025, 0
A, 2282, LEU,  0.1742,  -0.3710,   0.0016, 0
A, 2283, LYS,  0.0864,  -0.4158,   0.0009, 0
A, 2284, GLY,  0.0313,  -0.4440,   0.0006, 0
A, 2285, ALA,  0.0744,  -0.4220,   0.0008, 0
A, 2286, ALA,  0.0924,  -0.4128,   0.0009, 0
A, 2287, PRO,  0.2809,  -0.3164,   0.0031, 0
A, 2288, LEU,  0.3454,  -0.2835,   0.0042, 0
A, 2289, LYS,  0.1326,  -0.3922,   0.0012, 0
A, 2290, ILE,  0.7132,  -0.0955,   0.0184, 0
A, 2291, LEU,  0.3436,  -0.2844,   0.0042, 0
A, 2292, ASN,  0.1128,  -0.4024,   0.0010, 0
A, 2293, ILE,  0.1337,  -0.3916,   0.0012, 0
A, 2294, GLY,  0.0893,  -0.4144,   0.0009, 0
A, 2295, ASN,  0.1759,  -0.3701,   0.0016, 0
A, 2296, VAL,  0.0754,  -0.4215,   0.0008, 0
A, 2297, SER,  0.1847,  -0.3656,   0.0017, 8
A, 2298, THR,  0.2251,  -0.3450,   0.0022, 8
A, 2299, PRO,  0.2905,  -0.3115,   0.0032, 6
A, 2300, LEU,  0.0000,  -0.4600,   0.0005, 0
A, 2301, MET,  1.9051,   0.5136,   0.1879, 1
A, 2302, CYS,  1.5405,   0.3272,   0.1168, 1
A, 2303, LEU,  1.5361,   0.3250,   0.1161, 1
A, 2304, SER,  0.4760,  -0.2168,   0.0078, 1
A, 2305, GLU,  0.4444,  -0.2329,   0.0069, 0
A, 2314, VAL,  0.7819,  -0.0604,   0.0226, 0
A, 2315, MET,  0.0000,  -0.4600,   0.0005, 0
A, 2316, TRP,  0.6364,  -0.1348,   0.0142, 0
A, 2317, GLY,  0.0000,  -0.4600,   0.0005, 0
A, 2318, GLY,  0.0000,  -0.4600,   0.0005, 0
A, 2319, CYS,  0.0000,  -0.4600,   0.0005, 0
A, 2320, GLY,  0.1335,  -0.3918,   0.0012, 8
A, 2321, THR,  0.1527,  -0.3820,   0.0014, 8
A, 2322, LYS,  0.2344,  -0.3402,   0.0023, 8
A, 2323, ILE,  0.0000,  -0.4600,   0.0005, 0
A, 2324, PHE,  0.0000,  -0.4600,   0.0005, 0
A, 2325, SER,  0.3975,  -0.2569,   0.0055, 0
A, 2326, PHE,  0.0000,  -0.4600,   0.0005, 0
A, 2327, SER,  0.1635,  -0.3764,   0.0015, 0
A, 2328, ASN,  0.4944,  -0.2073,   0.0084, 0
A, 2329, ASP,  0.1403,  -0.3883,   0.0013, 0
A, 2330, PHE,  0.3773,  -0.2672,   0.0050, 0
A, 2331, THR,  0.0762,  -0.4210,   0.0008, 0
A, 2332, ILE,  0.1242,  -0.3965,   0.0011, 0
A, 2333, GLN,  0.5370,  -0.1856,   0.0097, 0
A, 2334, LYS,  0.5936,  -0.1566,   0.0121, 0
A, 2335, LEU,  0.1074,  -0.4051,   0.0010, 0
A, 2336, ILE,  0.0550,  -0.4319,   0.0007, 0
A, 2337, GLU,  0.2518,  -0.3313,   0.0026, 8
A, 2338, THR,  0.0000,  -0.4600,   0.0005, 0
A, 2339, ARG,  0.0837,  -0.4172,   0.0009, 0
A, 2340, THR,  0.1570,  -0.3798,   0.0014, 0
A, 2341, SER,  0.1934,  -0.3612,   0.0018, 0
A, 2342, GLN,  0.1162,  -0.4006,   0.0010, 0
A, 2343, LEU,  0.2149,  -0.3502,   0.0020, 0
A, 2344, PHE,  0.2479,  -0.3333,   0.0025, 0
A, 2345, SER,  0.5474,  -0.1802,   0.0101, 0
A, 2346, TYR,  1.0963,   0.1002,   0.0507, 0
A, 2347, ALA,  0.2800,  -0.3169,   0.0031, 0
A, 2348, ALA,  0.2848,  -0.3145,   0.0031, 0
A, 2349, PHE,  1.1532,   0.1293,   0.0573, 0
A, 2350, SER,  0.1573,  -0.3796,   0.0014, 0
A, 2351, ASP,  0.0943,  -0.4118,   0.0009, 8
A, 2352, SER,  0.0967,  -0.4106,   0.0009, 0
A, 2353, ASN,  0.2020,  -0.3568,   0.0019, 8
A, 2354, ILE,  0.0000,  -0.4600,   0.0005, 0
A, 2355, ILE,  1.3829,   0.2467,   0.0902, 1
A, 2356, THR,  0.7705,  -0.0662,   0.0220, 1
A, 2357, VAL,  0.4488,  -0.2306,   0.0070, 1
A, 2358, VAL,  0.2895,  -0.3120,   0.0032, 1
A, 2359, VAL,  0.2457,  -0.3344,   0.0025, 0
A, 2360, ASP,  0.1707,  -0.3727,   0.0015, 0
A, 2361, THR,  0.1858,  -0.3650,   0.0017, 7
A, 2362, ALA,  0.1291,  -0.3940,   0.0011, 7
A, 2363, LEU,  0.0000,  -0.4600,   0.0005, 0
A, 2364, TYR,  0.2398,  -0.3375,   0.0024, 7
A, 2365, ILE,  0.0000,  -0.4600,   0.0005, 0
A, 2366, ALA,  0.0000,  -0.4600,   0.0005, 0
A, 2367, LYS,  0.0000,  -0.4600,   0.0005, 0
A, 2368, GLN,  0.1703,  -0.3730,   0.0015, 1
A, 2369, ASN,  0.2559,  -0.3292,   0.0027, 0
A, 2370, SER,  0.0000,  -0.4600,   0.0005, 0
A, 2371, PRO,  0.6265,  -0.1398,   0.0137, 0
A, 2372, VAL,  0.5127,  -0.1980,   0.0089, 0
A, 2373, VAL,  0.0000,  -0.4600,   0.0005, 0
A, 2374, GLU,  0.1072,  -0.4052,   0.0010, 0
A, 2375, VAL,  0.2102,  -0.3526,   0.0020, 7
A, 2376, TRP,  0.1248,  -0.3962,   0.0011, 0
A, 2377, ASP,  0.0560,  -0.4314,   0.0007, 0
A, 2378, LYS,  0.5914,  -0.1578,   0.0120, 0
A, 2379, LYS,  0.1640,  -0.3762,   0.0015, 0
A, 2380, THR,  0.0649,  -0.4268,   0.0008, 0
A, 2381, GLU,  0.1121,  -0.4027,   0.0010, 0
A, 2382, LYS,  0.1289,  -0.3941,   0.0011, 0
A, 2383, LEU,  0.2338,  -0.3405,   0.0023, 0
A, 2384, CYS,  0.2786,  -0.3176,   0.0030, 7
A, 2385, GLY,  0.2881,  -0.3128,   0.0032, 7
A, 2386, LEU,  0.3405,  -0.2860,   0.0041, 0
A, 2387, ILE,  0.2397,  -0.3375,   0.0024, 0
A, 2388, ASP,  0.8044,  -0.0489,   0.0240, 0
A, 2389, CYS,  0.0000,  -0.4600,   0.0005, 0
A, 2390, VAL,  0.8265,  -0.0376,   0.0254, 0
A, 2391, HIS,  0.6611,  -0.1221,   0.0155, 0
A, 2392, PHE,  0.2750,  -0.3195,   0.0030, 0
A, 2393, LEU,  0.7325,  -0.0856,   0.0196, 0
A, 2394, ARG,  0.4074,  -0.2518,   0.0058, 0
A, 2395, GLU,  0.2415,  -0.3366,   0.0024, 0
A, 2408, MET,  0.7267,  -0.0886,   0.0192, 0
A, 2409, SER,  0.7090,  -0.0977,   0.0181, 4
A, 2410, TYR,  1.7571,   0.4379,   0.1569, 4
A, 2411, SER,  0.9989,   0.0505,   0.0402, 4
A, 2412, GLY,  0.5810,  -0.1631,   0.0115, 4
A, 2413, ARG,  1.0825,   0.0932,   0.0492, 4
A, 2414, VAL,  0.0661,  -0.4262,   0.0008, 0
A, 2415, LYS,  1.0662,   0.0849,   0.0474, 1
A, 2416, THR,  0.4966,  -0.2062,   0.0084, 1
A, 2417, LEU,  0.3953,  -0.2580,   0.0055, 1
A, 2418, CYS,  0.3947,  -0.2583,   0.0055, 1
A, 2419, LEU,  0.3647,  -0.2736,   0.0047, 1
A, 2420, GLN,  1.2569,   0.1823,   0.0711, 0
A, 2421, LYS,  0.2119,  -0.3517,   0.0020, 0
A, 2422, ASN,  0.1025,  -0.4076,   0.0010, 0
A, 2423, THR,  0.1716,  -0.3723,   0.0015, 0
A, 2424, ALA,  0.2141,  -0.3506,   0.0020, 0
A, 2425, LEU,  0.0000,  -0.4600,   0.0005, 0
A, 2426, TRP,  2.2239,   0.6765,   0.2541, 0
A, 2427, ILE,  0.0000,  -0.4600,   0.0005, 0
A, 2428, GLY,  0.0000,  -0.4600,   0.0005, 0
A, 2429, THR,  0.5994,  -0.1537,   0.0124, 0
A, 2430, GLY,  1.1603,   0.1329,   0.0582, 4
A, 2431, GLY,  0.9684,   0.0349,   0.0372, 4
A, 2432, GLY,  0.6459,  -0.1299,   0.0147, 4
A, 2433, HIS,  1.0555,   0.0794,   0.0462, 4
A, 2434, ILE,  0.7909,  -0.0558,   0.0231, 0
A, 2435, LEU,  0.0000,  -0.4600,   0.0005, 0
A, 2436, LEU,  0.5822,  -0.1625,   0.0116, 0
A, 2437, LEU,  0.0835,  -0.4173,   0.0009, 0
A, 2438, ASP,  0.2028,  -0.3564,   0.0019, 7
A, 2439, LEU,  0.2302,  -0.3424,   0.0022, 7
A, 2440, SER,  0.1805,  -0.3678,   0.0016, 7
A, 2441, THR,  0.1505,  -0.3831,   0.0014, 0
A, 2442, ARG,  0.3010,  -0.3062,   0.0034, 0
A, 2443, ARG,  0.5624,  -0.1726,   0.0107, 7
A, 2444, LEU,  0.1784,  -0.3688,   0.0016, 0
A, 2445, ILE,  0.2570,  -0.3287,   0.0027, 0
A, 2446, ARG,  2.0798,   0.6029,   0.2236, 0
A, 2447, VAL,  0.0905,  -0.4138,   0.0009, 0
A, 2448, ILE,  1.7491,   0.4338,   0.1552, 0
A, 2449, TYR,  0.8279,  -0.0369,   0.0255, 0
A, 2450, ASN,  0.7887,  -0.0569,   0.0230, 4
A, 2451, PHE,  1.6680,   0.3924,   0.1399, 0
A, 2452, CYS,  0.3292,  -0.2918,   0.0039, 0
A, 2453, ASN,  0.6391,  -0.1334,   0.0143, 4
A, 2454, SER,  0.7433,  -0.0801,   0.0202, 0
A, 2455, VAL,  0.1245,  -0.3964,   0.0011, 0
A, 2456, ARG,  1.0356,   0.0692,   0.0441, 1
A, 2457, VAL,  0.8206,  -0.0406,   0.0250, 1
A, 2458, MET,  1.4594,   0.2858,   0.1027, 1
A, 2459, MET,  1.0873,   0.0957,   0.0497, 1
A, 2460, THR,  0.4959,  -0.2066,   0.0084, 1
A, 2461, ALA,  0.5613,  -0.1731,   0.0107, 0
A, 2462, GLN,  0.5362,  -0.1860,   0.0097, 0
A, 2468, ASN,  0.6056,  -0.1505,   0.0127, 0
A, 2469, VAL,  1.3708,   0.2406,   0.0883, 0
A, 2470, MET,  0.7721,  -0.0654,   0.0220, 0
A, 2471, LEU,  0.5902,  -0.1584,   0.0120, 0
A, 2472, VAL,  0.0000,  -0.4600,   0.0005, 0
A, 2473, LEU,  0.0000,  -0.4600,   0.0005, 0
A, 2474, GLY,  0.0000,  -0.4600,   0.0005, 0
A, 2475, TYR,  1.0782,   0.0910,   0.0487, 0
A, 2476, ASN,  0.3711,  -0.2704,   0.0048, 0
A, 2477, ARG,  0.3904,  -0.2605,   0.0053, 0
A, 2488, GLU,  0.0292,  -0.4451,   0.0006, 0
A, 2489, ILE,  0.4955,  -0.2068,   0.0084, 0
A, 2490, GLN,  0.2068,  -0.3543,   0.0019, 0
A, 2491, SER,  0.0000,  -0.4600,   0.0005, 0
A, 2492, CYS,  0.2734,  -0.3203,   0.0029, 0
A, 2493, LEU,  0.0000,  -0.4600,   0.0005, 0
A, 2494, THR,  0.5318,  -0.1882,   0.0096, 0
A, 2495, VAL,  0.8955,  -0.0023,   0.0306, 0
A, 2496, TRP,  2.7696,   0.9554,   0.3606, 0
